url,http_status,final_url
https://zabble.org/,200,https://www.zabble.org/
https://zabble.org/systems,200,https://www.zabble.org/systems
https://zabble.org/systems/,200,https://www.zabble.org/systems/
https://zabble.org/diagnose,200,https://www.zabble.org/diagnose
https://zabble.org/about,404,https://www.zabble.org/about
https://zabble.org/contact,404,https://www.zabble.org/contact
https://zabble.org/pillars,404,https://www.zabble.org/pillars
https://zabble.org/pillars/automation,404,https://www.zabble.org/pillars/automation
https://zabble.org/pillars/audit-trails,404,https://www.zabble.org/pillars/audit-trails
https://zabble.org/pillars/anomaly-detection,404,https://www.zabble.org/pillars/anomaly-detection
https://zabble.org/pillars/analytics,404,https://www.zabble.org/pillars/analytics
https://zabble.org/systems/kairos,200,
https://zabble.org/systems/approval-workflow,200,
https://zabble.org/systems/multi-channel-inbox,200,
https://zabble.org/systems/workflow-orchestrator,200,
https://zabble.org/systems/decision-engine,200,
https://zabble.org/systems/document-intelligence,200,
https://zabble.org/systems/document-assembly,200,
https://zabble.org/systems/bespoke-crm,200,
https://zabble.org/systems/customer-360,200,
https://zabble.org/systems/knowledge-assistant,200,
https://zabble.org/systems/lead-qualifier,200,
https://zabble.org/systems/legacy-bridge,200,
https://zabble.org/systems/inventory-clarity,200,
https://zabble.org/systems/client-onboarding,200,
https://zabble.org/systems/case-management,200,
https://zabble.org/systems/task-management,200,
https://zabble.org/systems/field-ops-app,200,
https://zabble.org/systems/analytics-suite,200,
https://zabble.org/systems/accounting-engine,200,
https://zabble.org/systems/compliance-reporting,200,
https://zabble.org/systems/continuous-assurance,200,
https://zabble.org/systems/pricing-engine,200,
https://zabble.org/systems/reconciliation-engine,200,
https://zabble.org/systems/data-routing,200,
https://zabble.org/systems/integration-hub,200,
https://zabble.org/systems/cross-system-sync,200,
https://zabble.org/systems/forecasting,200,
https://zabble.org/systems/predictive-maintenance,200,
https://zabble.org/systems/master-data-hub,200,
https://zabble.org/systems/notification-orchestration,200,
https://zabble.org/systems/legal-intake-automation,200,
https://zabble.org/systems/hospitality-booking-marketing-dashboard,200,
